-- phpMyAdmin SQL Dump
-- version 4.0.4.2
-- http://www.phpmyadmin.net
--
-- Servidor: localhost
-- Tiempo de generaci칩n: 29-05-2018 a las 15:01:17
-- Versi칩n del servidor: 5.6.13
-- Versi칩n de PHP: 5.4.17

SET SQL_MODE = "NO_AUTO_VALUE_ON_ZERO";
SET time_zone = "+00:00";


/*!40101 SET @OLD_CHARACTER_SET_CLIENT=@@CHARACTER_SET_CLIENT */;
/*!40101 SET @OLD_CHARACTER_SET_RESULTS=@@CHARACTER_SET_RESULTS */;
/*!40101 SET @OLD_COLLATION_CONNECTION=@@COLLATION_CONNECTION */;
/*!40101 SET NAMES utf8 */;

--
-- Base de datos: `ejemplos`
--
CREATE DATABASE IF NOT EXISTS `ejemplos` DEFAULT CHARACTER SET latin1 COLLATE latin1_swedish_ci;
USE `ejemplos`;

-- --------------------------------------------------------

--
-- Estructura de tabla para la tabla `comesales`
--

CREATE TABLE IF NOT EXISTS `comesales` (
  `id` int(11) NOT NULL AUTO_INCREMENT,
  `codigo` varchar(20) DEFAULT NULL,
  `apellidos` varchar(50) DEFAULT NULL,
  `nombres` varchar(50) DEFAULT NULL,
  `sexo` varchar(10) DEFAULT NULL,
  `facultad` varchar(50) DEFAULT NULL,
  `carrera` varchar(50) DEFAULT NULL,
  PRIMARY KEY (`id`)
) ENGINE=InnoDB  DEFAULT CHARSET=latin1 AUTO_INCREMENT=9 ;

--
-- Volcado de datos para la tabla `comesales`
--

INSERT INTO `comesales` (`id`, `codigo`, `apellidos`, `nombres`, `sexo`, `facultad`, `carrera`) VALUES
(6, '111101', 'cardenas chipa', 'alberto', '1', 'inginieria', 'minas'),
(7, '121102', 'perez chipa', 'juanito', '1', 'educacion', 'inicial'),
(8, '102153', 'bola침os', 'loel', '1', 'j', 'k');

-- --------------------------------------------------------

--
-- Estructura de tabla para la tabla `control`
--

CREATE TABLE IF NOT EXISTS `control` (
  `id` int(11) NOT NULL AUTO_INCREMENT,
  `id_comesales` int(11) DEFAULT NULL,
  `targeta` varchar(50) DEFAULT NULL,
  `fecha` date DEFAULT NULL,
  `controldia` varchar(30) DEFAULT NULL,
  PRIMARY KEY (`id`)
) ENGINE=InnoDB  DEFAULT CHARSET=latin1 AUTO_INCREMENT=12 ;

--
-- Volcado de datos para la tabla `control`
--

INSERT INTO `control` (`id`, `id_comesales`, `targeta`, `fecha`, `controldia`) VALUES
(6, 7, '1221', '2018-05-04', NULL),
(7, 6, '32323', '2018-05-17', 'Martes');

-- --------------------------------------------------------

--
-- Estructura de tabla para la tabla `menu_sistema`
--

CREATE TABLE IF NOT EXISTS `menu_sistema` (
  `ID` int(11) NOT NULL AUTO_INCREMENT,
  `DESCRIPCION` varchar(50) NOT NULL,
  `IMAGEN` varchar(50) NOT NULL DEFAULT 'imagenes/not_found.png',
  `URL` varchar(50) DEFAULT NULL,
  `ORDENAMIENTO` int(11) NOT NULL DEFAULT '0',
  `ESTATUS` int(11) NOT NULL DEFAULT '0',
  PRIMARY KEY (`ID`)
) ENGINE=InnoDB  DEFAULT CHARSET=latin1 AUTO_INCREMENT=10 ;

--
-- Volcado de datos para la tabla `menu_sistema`
--

INSERT INTO `menu_sistema` (`ID`, `DESCRIPCION`, `IMAGEN`, `URL`, `ORDENAMIENTO`, `ESTATUS`) VALUES
(1, 'Inicio', 'imagenes/Customer.png', '#', 1, 0),
(2, 'Agregar Usuarios', 'imagenes/Proveedores.png', '/usuarios/nuevo', 3, 0),
(3, 'Listar Usuarios', 'imagenes/Product.png', '/usuarios', 2, 0),
(4, 'Agregar comensales', 'imagenes/not_found.png', '/comesales/nuevo', 3, 0),
(5, 'Listar Comesales', 'imagenes/not_found.png', '/comesales', 5, 0),
(6, 'Listar Control', 'imagenes/not_found.png', '/control', 3, 0),
(7, 'Agregar Control', 'imagenes/not_found.png', '/control/nuevo', 3, 0),
(8, 'chacon', 'imagenes/not_found.png', '/control/nuevo', 5, 0),
(9, 'chacon', 'imagenes/not_found.png', NULL, 1, 0);

-- --------------------------------------------------------

--
-- Estructura de tabla para la tabla `permisosmenu`
--

CREATE TABLE IF NOT EXISTS `permisosmenu` (
  `ID` int(11) NOT NULL AUTO_INCREMENT,
  `ID_USUARIO` int(11) NOT NULL,
  `ID_MENU` int(11) NOT NULL,
  `ESTATUS` int(11) NOT NULL DEFAULT '0',
  PRIMARY KEY (`ID`)
) ENGINE=InnoDB  DEFAULT CHARSET=latin1 AUTO_INCREMENT=19 ;

--
-- Volcado de datos para la tabla `permisosmenu`
--

INSERT INTO `permisosmenu` (`ID`, `ID_USUARIO`, `ID_MENU`, `ESTATUS`) VALUES
(1, 1, 1, 0),
(2, 1, 2, 0),
(3, 1, 3, 0),
(5, 2, 1, 0),
(6, 2, 3, 0),
(7, 2, 2, 1),
(8, 3, 1, 0),
(9, 3, 3, 0),
(10, 3, 2, 0),
(11, 3, 4, 0),
(12, 3, 5, 0),
(13, 1, 4, 0),
(14, 1, 5, 0),
(15, 1, 7, 0),
(16, 5, 1, 0),
(17, 5, 2, 0),
(18, 5, 7, 0);

-- --------------------------------------------------------

--
-- Estructura de tabla para la tabla `usuarios`
--

CREATE TABLE IF NOT EXISTS `usuarios` (
  `ID` int(11) NOT NULL AUTO_INCREMENT,
  `NOMBRE` varchar(50) NOT NULL,
  `APELLIDOS` varchar(100) NOT NULL,
  `EMAIL` varchar(50) NOT NULL,
  `FECHA_REGISTRO` varchar(20) NOT NULL,
  `ESTATUS` int(11) NOT NULL DEFAULT '0',
  `TIPO` varchar(20) NOT NULL DEFAULT 'Invitado',
  `PASSWORD` varchar(50) DEFAULT '123',
  PRIMARY KEY (`ID`)
) ENGINE=InnoDB  DEFAULT CHARSET=latin1 AUTO_INCREMENT=6 ;

--
-- Volcado de datos para la tabla `usuarios`
--

INSERT INTO `usuarios` (`ID`, `NOMBRE`, `APELLIDOS`, `EMAIL`, `FECHA_REGISTRO`, `ESTATUS`, `TIPO`, `PASSWORD`) VALUES
(1, 'Juan', 'Perez', 'elcapo@programando.com', '2014-07-30 14:39:06', 0, 'Administrador', '81dc9bdb52d04dc20036dbd8313ed055'),
(2, 'Maria', 'Cortes Crisanto', 'crisant_89@hotmail.com', '2014-07-30 14:39:06', 0, 'Invitado', '263bce650e68ab4e23f28263760b9fa5'),
(3, 'anthony', 'chacon palomino', 'anthonyadin@gmail.com', '2018-05-22 22:34:09', 0, 'Administrador', '202cb962ac59075b964b07152d234b70'),
(5, 'anthony luisa', 'perez', 'anay@gmail.com', '2018-05-28 14:31:58', 0, 'Invitado', '123');

--
-- Restricciones para tablas volcadas
--

--
-- Filtros para la tabla `control`
--
ALTER TABLE `control`
  ADD CONSTRAINT `control_ibfk_1` FOREIGN KEY (`id`) REFERENCES `comesales` (`id`);

/*!40101 SET CHARACTER_SET_CLIENT=@OLD_CHARACTER_SET_CLIENT */;
/*!40101 SET CHARACTER_SET_RESULTS=@OLD_CHARACTER_SET_RESULTS */;
/*!40101 SET COLLATION_CONNECTION=@OLD_COLLATION_CONNECTION */;
